{
    "root_group": {
        "id": "d41d8cd98f00b204e9800998ecf8427e",
        "groups": {},
        "checks": {
                "status is 200": {
                    "id": "6210a8cd14cd70477eba5c5e4cb3fb5f",
                    "passes": 1023104,
                    "fails": 0,
                    "name": "status is 200",
                    "path": "::status is 200"
                }
            },
        "name": "",
        "path": ""
    },
    "metrics": {
        "http_req_tls_handshaking": {
            "avg": 0,
            "min": 0,
            "med": 0,
            "max": 0,
            "p(90)": 0,
            "p(95)": 0
        },
        "http_req_failed": {
            "passes": 0,
            "fails": 1023104,
            "value": 0
        },
        "http_req_duration": {
            "max": 157.253,
            "p(90)": 44.179,
            "p(95)": 50.53684999999995,
            "avg": 28.97417838460187,
            "min": 0.037,
            "med": 26.652
        },
        "http_reqs": {
            "count": 1023104,
            "rate": 34079.791435556384
        },
        "iterations": {
            "count": 1023104,
            "rate": 34079.791435556384
        },
        "http_req_duration{expected_response:true}": {
            "med": 26.652,
            "max": 157.253,
            "p(90)": 44.179,
            "p(95)": 50.53684999999995,
            "avg": 28.97417838460187,
            "min": 0.037
        },
        "http_req_connecting": {
            "med": 0,
            "max": 182.401,
            "p(90)": 0,
            "p(95)": 0,
            "avg": 0.06364172752721127,
            "min": 0
        },
        "http_req_waiting": {
            "avg": 28.94971083096126,
            "min": 0.028,
            "med": 26.634,
            "max": 157.233,
            "p(90)": 44.139,
            "p(95)": 50.503
        },
        "data_sent": {
            "count": 133008024,
            "rate": 4430522.915730442
        },
        "data_received": {
            "count": 101900340,
            "rate": 3394319.9659196753
        },
        "checks": {
            "passes": 1023104,
            "fails": 0,
            "value": 1
        },
        "http_req_sending": {
            "p(90)": 0.007,
            "p(95)": 0.01,
            "avg": 0.007695358438731568,
            "min": 0.001,
            "med": 0.003,
            "max": 24.256
        },
        "vus": {
            "max": 1000,
            "value": 1000,
            "min": 1000
        },
        "http_req_blocked": {
            "med": 0.001,
            "max": 189.938,
            "p(90)": 0.002,
            "p(95)": 0.003,
            "avg": 0.06786231898326818,
            "min": 0
        },
        "iteration_duration": {
            "med": 26.748416499999998,
            "max": 237.713542,
            "p(90)": 44.5994331,
            "p(95)": 51.238106249999994,
            "avg": 29.276373359709705,
            "min": 0.068667
        },
        "vus_max": {
            "value": 1000,
            "min": 1000,
            "max": 1000
        },
        "http_req_receiving": {
            "p(95)": 0.027,
            "avg": 0.016772195201926545,
            "min": 0.002,
            "med": 0.007,
            "max": 39.181,
            "p(90)": 0.019
        }
    }
}